scenario,sample,ticks,mspt,tps
empty_start,1,1200,1.78,560.0
empty_start,2,1200,1.85,541.0
empty_start,3,1200,1.8,556.0
empty_start,4,1200,1.75,571.0
empty_start,5,1200,1.96,511.0
block_item_control,1,1200,1.8,556.0
block_item_control,2,1200,1.71,585.0
block_item_control,3,1200,1.75,571.0
block_item_control,4,1200,1.79,560.0
block_item_control,5,1200,1.72,582.0
idle_emitters,1,1200,2.06,485.0
idle_emitters,2,1200,1.68,596.0
idle_emitters,3,1200,1.77,563.0
idle_emitters,4,1200,1.7,589.0
idle_emitters,5,1200,1.67,597.0
active_emitters,1,1200,2.67,373.0
active_emitters,2,1200,2.46,406.0
active_emitters,3,1200,2.57,388.0
active_emitters,4,1200,2.43,411.0
active_emitters,5,1200,2.47,404.0
external_fields,1,1200,2.24,446.0
external_fields,2,1200,1.9,527.0
external_fields,3,1200,1.94,514.0
external_fields,4,1200,1.86,536.0
external_fields,5,1200,1.96,508.0
railgun_emitters,1,1200,1.68,594.0
railgun_emitters,2,1200,1.77,565.0
railgun_emitters,3,1200,1.82,548.0
railgun_emitters,4,1200,1.63,612.0
railgun_emitters,5,1200,1.67,598.0
air_separators,1,1200,1.59,630.0
air_separators,2,1200,1.63,613.0
air_separators,3,1200,1.69,592.0
air_separators,4,1200,1.66,603.0
air_separators,5,1200,1.85,539.0
gas_volume,1,1200,5.35,186.0
gas_volume,2,1200,5.49,182.0
gas_volume,3,1200,5.54,180.0
gas_volume,4,1200,5.17,193.0
gas_volume,5,1200,5.44,183.0
mixed_pack,1,1200,2.01,498.0
mixed_pack,2,1200,2.02,493.0
mixed_pack,3,1200,2.05,488.0
mixed_pack,4,1200,1.99,503.0
mixed_pack,5,1200,1.9,527.0
dense_external,1,1200,3.21,311.0
dense_external,2,1200,2.95,339.0
dense_external,3,1200,3.03,330.0
dense_external,4,1200,3.12,320.0
dense_external,5,1200,3.02,331.0
equipment_changes,1,1200,1.74,573.0
equipment_changes,2,1200,1.74,574.0
equipment_changes,3,1200,1.67,599.0
equipment_changes,4,1200,1.65,606.0
equipment_changes,5,1200,1.59,630.0
ordinary_player,1,1200,1.6,626.0
ordinary_player,2,1200,1.64,610.0
ordinary_player,3,1200,1.6,624.0
ordinary_player,4,1200,1.57,638.0
ordinary_player,5,1200,1.85,539.0
ordinary_mobs,1,1200,1.69,591.0
ordinary_mobs,2,1200,1.69,591.0
ordinary_mobs,3,1200,1.69,590.0
ordinary_mobs,4,1200,1.74,573.0
ordinary_mobs,5,1200,1.71,585.0
external_no_targets,1,1200,1.61,622.0
external_no_targets,2,1200,1.61,620.0
external_no_targets,3,1200,1.94,516.0
external_no_targets,4,1200,1.6,625.0
external_no_targets,5,1200,1.64,610.0
ferrofluid_pool,1,1200,1.63,615.0
ferrofluid_pool,2,1200,1.62,616.0
ferrofluid_pool,3,1200,1.65,606.0
ferrofluid_pool,4,1200,1.69,590.0
ferrofluid_pool,5,1200,1.65,606.0
ferrofluid_external,1,1200,2.26,441.0
ferrofluid_external,2,1200,1.97,507.0
ferrofluid_external,3,1200,2.12,472.0
ferrofluid_external,4,1200,2.07,482.0
ferrofluid_external,5,1200,2.09,478.0
ferrofluid_native,1,1200,1.74,573.0
ferrofluid_native,2,1200,1.8,556.0
ferrofluid_native,3,1200,1.74,574.0
ferrofluid_native,4,1200,1.78,560.0
ferrofluid_native,5,1200,1.77,566.0
mr_armor,1,1200,1.6,624.0
mr_armor,2,1200,1.67,599.0
mr_armor,3,1200,1.62,618.0
mr_armor,4,1200,1.68,593.0
mr_armor,5,1200,1.8,556.0
mr_mainhand,1,1200,1.6,625.0
mr_mainhand,2,1200,1.61,619.0
mr_mainhand,3,1200,1.59,629.0
mr_mainhand,4,1200,1.59,627.0
mr_mainhand,5,1200,1.62,616.0
mr_offhand,1,1200,1.6,624.0
mr_offhand,2,1200,1.58,632.0
mr_offhand,3,1200,1.75,570.0
mr_offhand,4,1200,1.73,577.0
mr_offhand,5,1200,1.63,613.0
native_queries_control,1,1200,1.59,627.0
native_queries_control,2,1200,1.62,617.0
native_queries_control,3,1200,1.56,640.0
native_queries_control,4,1200,1.6,624.0
native_queries_control,5,1200,1.65,605.0
native_queries_64,1,1200,1.72,580.0
native_queries_64,2,1200,1.75,572.0
native_queries_64,3,1200,1.61,620.0
native_queries_64,4,1200,1.64,608.0
native_queries_64,5,1200,1.67,599.0
native_queries_256,1,1200,1.76,569.0
native_queries_256,2,1200,1.77,564.0
native_queries_256,3,1200,1.83,546.0
native_queries_256,4,1200,1.89,527.0
native_queries_256,5,1200,1.79,559.0
gas_stable,1,1200,1.55,644.0
gas_stable,2,1200,1.57,635.0
gas_stable,3,1200,1.59,627.0
gas_stable,4,1200,1.62,619.0
gas_stable,5,1200,1.64,608.0
shafts_16,1,1200,1.98,503.0
shafts_16,2,1200,1.69,590.0
shafts_16,3,1200,1.71,585.0
shafts_16,4,1200,1.68,595.0
shafts_16,5,1200,1.75,570.0
shafts_64,1,1200,1.92,521.0
shafts_64,2,1200,2.23,448.0
shafts_64,3,1200,1.87,535.0
shafts_64,4,1200,1.89,528.0
shafts_64,5,1200,1.95,512.0
shafts_256,1,1200,2.99,333.0
shafts_256,2,1200,2.79,358.0
shafts_256,3,1200,2.88,347.0
shafts_256,4,1200,2.74,365.0
shafts_256,5,1200,2.72,367.0
ships_4,1,1200,3.38,296.0
ships_4,2,1200,3.44,290.0
ships_4,3,1200,3.2,312.0
ships_4,4,1200,3.24,308.0
ships_4,5,1200,3.5,285.0
ships_16,1,1200,7.48,133.0
ships_16,2,1200,7.54,132.0
ships_16,3,1200,7.49,133.0
ships_16,4,1200,7.47,133.0
ships_16,5,1200,7.42,134.0
empty_end,1,1200,1.71,583.0
empty_end,2,1200,1.68,595.0
empty_end,3,1200,1.66,603.0
empty_end,4,1200,1.68,595.0
empty_end,5,1200,1.73,579.0
