empty_start	1	{"observed_ticks":602,"creep_passes":150,"fluid_sources":0,"source_chunks":0,"creep_cells":0,"native_chunk_attempts":0,"external_chunk_attempts":0,"entities_inspected":0,"eligible_entities":0,"targets_discovered":0,"targets_scheduled":0,"target_regions":0,"emitter_candidates":0,"field_evaluations":0,"fields_applied":0,"mr_equipment_skips":0,"mr_field_searches":0,"target_details":0,"adapter_method_lookups":0,"field_bounds_rejections":0,"ship_field_preparations":0,"adapter_energy_reads":0,"recession_setups":0,"emitter_buckets_inspected":0,"mr_fluid_field_searches":0,"gallium_entity_queries":0,"gallium_field_searches":0,"fluid_target_queries":0,"fluid_field_applications":0,"fluid_field_candidates":0}
empty_start	2	{"observed_ticks":603,"creep_passes":150,"fluid_sources":0,"source_chunks":0,"creep_cells":0,"native_chunk_attempts":0,"external_chunk_attempts":0,"entities_inspected":0,"eligible_entities":0,"targets_discovered":0,"targets_scheduled":0,"target_regions":0,"emitter_candidates":0,"field_evaluations":0,"fields_applied":0,"mr_equipment_skips":0,"mr_field_searches":0,"target_details":0,"adapter_method_lookups":0,"field_bounds_rejections":0,"ship_field_preparations":0,"adapter_energy_reads":0,"recession_setups":0,"emitter_buckets_inspected":0,"mr_fluid_field_searches":0,"gallium_entity_queries":0,"gallium_field_searches":0,"fluid_target_queries":0,"fluid_field_applications":0,"fluid_field_candidates":0}
empty_start	3	{"observed_ticks":603,"creep_passes":150,"fluid_sources":0,"source_chunks":0,"creep_cells":0,"native_chunk_attempts":0,"external_chunk_attempts":0,"entities_inspected":0,"eligible_entities":0,"targets_discovered":0,"targets_scheduled":0,"target_regions":0,"emitter_candidates":0,"field_evaluations":0,"fields_applied":0,"mr_equipment_skips":0,"mr_field_searches":0,"target_details":0,"adapter_method_lookups":0,"field_bounds_rejections":0,"ship_field_preparations":0,"adapter_energy_reads":0,"recession_setups":0,"emitter_buckets_inspected":0,"mr_fluid_field_searches":0,"gallium_entity_queries":0,"gallium_field_searches":0,"fluid_target_queries":0,"fluid_field_applications":0,"fluid_field_candidates":0}
block_item_control	1	{"observed_ticks":603,"creep_passes":151,"fluid_sources":0,"source_chunks":0,"creep_cells":0,"native_chunk_attempts":0,"external_chunk_attempts":0,"entities_inspected":0,"eligible_entities":0,"targets_discovered":0,"targets_scheduled":0,"target_regions":0,"emitter_candidates":0,"field_evaluations":0,"fields_applied":0,"mr_equipment_skips":0,"mr_field_searches":0,"target_details":0,"adapter_method_lookups":0,"field_bounds_rejections":0,"ship_field_preparations":0,"adapter_energy_reads":0,"recession_setups":0,"emitter_buckets_inspected":0,"mr_fluid_field_searches":0,"gallium_entity_queries":0,"gallium_field_searches":0,"fluid_target_queries":0,"fluid_field_applications":0,"fluid_field_candidates":0}
block_item_control	2	{"observed_ticks":604,"creep_passes":151,"fluid_sources":0,"source_chunks":0,"creep_cells":0,"native_chunk_attempts":0,"external_chunk_attempts":0,"entities_inspected":0,"eligible_entities":0,"targets_discovered":0,"targets_scheduled":0,"target_regions":0,"emitter_candidates":0,"field_evaluations":0,"fields_applied":0,"mr_equipment_skips":0,"mr_field_searches":0,"target_details":0,"adapter_method_lookups":0,"field_bounds_rejections":0,"ship_field_preparations":0,"adapter_energy_reads":0,"recession_setups":0,"emitter_buckets_inspected":0,"mr_fluid_field_searches":0,"gallium_entity_queries":0,"gallium_field_searches":0,"fluid_target_queries":0,"fluid_field_applications":0,"fluid_field_candidates":0}
block_item_control	3	{"observed_ticks":605,"creep_passes":151,"fluid_sources":0,"source_chunks":0,"creep_cells":0,"native_chunk_attempts":0,"external_chunk_attempts":0,"entities_inspected":0,"eligible_entities":0,"targets_discovered":0,"targets_scheduled":0,"target_regions":0,"emitter_candidates":0,"field_evaluations":0,"fields_applied":0,"mr_equipment_skips":0,"mr_field_searches":0,"target_details":0,"adapter_method_lookups":0,"field_bounds_rejections":0,"ship_field_preparations":0,"adapter_energy_reads":0,"recession_setups":0,"emitter_buckets_inspected":0,"mr_fluid_field_searches":0,"gallium_entity_queries":0,"gallium_field_searches":0,"fluid_target_queries":0,"fluid_field_applications":0,"fluid_field_candidates":0}
active_emitters	1	{"observed_ticks":602,"creep_passes":150,"fluid_sources":0,"source_chunks":0,"creep_cells":0,"native_chunk_attempts":0,"external_chunk_attempts":0,"entities_inspected":0,"eligible_entities":0,"targets_discovered":0,"targets_scheduled":0,"target_regions":0,"emitter_candidates":0,"field_evaluations":0,"fields_applied":0,"mr_equipment_skips":0,"mr_field_searches":0,"target_details":9632,"adapter_method_lookups":0,"field_bounds_rejections":0,"ship_field_preparations":0,"adapter_energy_reads":0,"recession_setups":0,"emitter_buckets_inspected":0,"mr_fluid_field_searches":0,"gallium_entity_queries":0,"gallium_field_searches":0,"fluid_target_queries":0,"fluid_field_applications":0,"fluid_field_candidates":0}
active_emitters	2	{"observed_ticks":602,"creep_passes":150,"fluid_sources":0,"source_chunks":0,"creep_cells":0,"native_chunk_attempts":0,"external_chunk_attempts":0,"entities_inspected":0,"eligible_entities":0,"targets_discovered":0,"targets_scheduled":0,"target_regions":0,"emitter_candidates":0,"field_evaluations":0,"fields_applied":0,"mr_equipment_skips":0,"mr_field_searches":0,"target_details":9632,"adapter_method_lookups":0,"field_bounds_rejections":0,"ship_field_preparations":0,"adapter_energy_reads":0,"recession_setups":0,"emitter_buckets_inspected":0,"mr_fluid_field_searches":0,"gallium_entity_queries":0,"gallium_field_searches":0,"fluid_target_queries":0,"fluid_field_applications":0,"fluid_field_candidates":0}
active_emitters	3	{"observed_ticks":602,"creep_passes":150,"fluid_sources":0,"source_chunks":0,"creep_cells":0,"native_chunk_attempts":0,"external_chunk_attempts":0,"entities_inspected":0,"eligible_entities":0,"targets_discovered":0,"targets_scheduled":0,"target_regions":0,"emitter_candidates":0,"field_evaluations":0,"fields_applied":0,"mr_equipment_skips":0,"mr_field_searches":0,"target_details":9632,"adapter_method_lookups":0,"field_bounds_rejections":0,"ship_field_preparations":0,"adapter_energy_reads":0,"recession_setups":0,"emitter_buckets_inspected":0,"mr_fluid_field_searches":0,"gallium_entity_queries":0,"gallium_field_searches":0,"fluid_target_queries":0,"fluid_field_applications":0,"fluid_field_candidates":0}
dense_external	1	{"observed_ticks":606,"creep_passes":152,"fluid_sources":0,"source_chunks":0,"creep_cells":0,"native_chunk_attempts":0,"external_chunk_attempts":0,"entities_inspected":9696,"eligible_entities":9696,"targets_discovered":9696,"targets_scheduled":2424,"target_regions":2424,"emitter_candidates":620544,"field_evaluations":155136,"fields_applied":155136,"mr_equipment_skips":0,"mr_field_searches":0,"target_details":9696,"adapter_method_lookups":0,"field_bounds_rejections":0,"ship_field_preparations":0,"adapter_energy_reads":0,"recession_setups":0,"emitter_buckets_inspected":0,"mr_fluid_field_searches":0,"gallium_entity_queries":0,"gallium_field_searches":0,"fluid_target_queries":0,"fluid_field_applications":0,"fluid_field_candidates":0}
dense_external	2	{"observed_ticks":605,"creep_passes":151,"fluid_sources":0,"source_chunks":0,"creep_cells":0,"native_chunk_attempts":0,"external_chunk_attempts":0,"entities_inspected":9680,"eligible_entities":9680,"targets_discovered":9680,"targets_scheduled":2420,"target_regions":2420,"emitter_candidates":619520,"field_evaluations":154880,"fields_applied":154880,"mr_equipment_skips":0,"mr_field_searches":0,"target_details":9680,"adapter_method_lookups":0,"field_bounds_rejections":0,"ship_field_preparations":0,"adapter_energy_reads":0,"recession_setups":0,"emitter_buckets_inspected":0,"mr_fluid_field_searches":0,"gallium_entity_queries":0,"gallium_field_searches":0,"fluid_target_queries":0,"fluid_field_applications":0,"fluid_field_candidates":0}
dense_external	3	{"observed_ticks":605,"creep_passes":151,"fluid_sources":0,"source_chunks":0,"creep_cells":0,"native_chunk_attempts":0,"external_chunk_attempts":0,"entities_inspected":9680,"eligible_entities":9680,"targets_discovered":9680,"targets_scheduled":2420,"target_regions":2420,"emitter_candidates":619520,"field_evaluations":154880,"fields_applied":154880,"mr_equipment_skips":0,"mr_field_searches":0,"target_details":9680,"adapter_method_lookups":0,"field_bounds_rejections":0,"ship_field_preparations":0,"adapter_energy_reads":0,"recession_setups":0,"emitter_buckets_inspected":0,"mr_fluid_field_searches":0,"gallium_entity_queries":0,"gallium_field_searches":0,"fluid_target_queries":0,"fluid_field_applications":0,"fluid_field_candidates":0}
gas_volume	1	{"observed_ticks":606,"creep_passes":152,"fluid_sources":0,"source_chunks":0,"creep_cells":0,"native_chunk_attempts":0,"external_chunk_attempts":0,"entities_inspected":0,"eligible_entities":0,"targets_discovered":0,"targets_scheduled":0,"target_regions":0,"emitter_candidates":0,"field_evaluations":0,"fields_applied":0,"mr_equipment_skips":0,"mr_field_searches":0,"target_details":0,"adapter_method_lookups":0,"field_bounds_rejections":0,"ship_field_preparations":0,"adapter_energy_reads":0,"recession_setups":0,"emitter_buckets_inspected":0,"mr_fluid_field_searches":0,"gallium_entity_queries":0,"gallium_field_searches":0,"fluid_target_queries":0,"fluid_field_applications":0,"fluid_field_candidates":0}
gas_volume	2	{"observed_ticks":606,"creep_passes":151,"fluid_sources":0,"source_chunks":0,"creep_cells":0,"native_chunk_attempts":0,"external_chunk_attempts":0,"entities_inspected":0,"eligible_entities":0,"targets_discovered":0,"targets_scheduled":0,"target_regions":0,"emitter_candidates":0,"field_evaluations":0,"fields_applied":0,"mr_equipment_skips":0,"mr_field_searches":0,"target_details":0,"adapter_method_lookups":0,"field_bounds_rejections":0,"ship_field_preparations":0,"adapter_energy_reads":0,"recession_setups":0,"emitter_buckets_inspected":0,"mr_fluid_field_searches":0,"gallium_entity_queries":0,"gallium_field_searches":0,"fluid_target_queries":0,"fluid_field_applications":0,"fluid_field_candidates":0}
gas_volume	3	{"observed_ticks":606,"creep_passes":151,"fluid_sources":0,"source_chunks":0,"creep_cells":0,"native_chunk_attempts":0,"external_chunk_attempts":0,"entities_inspected":0,"eligible_entities":0,"targets_discovered":0,"targets_scheduled":0,"target_regions":0,"emitter_candidates":0,"field_evaluations":0,"fields_applied":0,"mr_equipment_skips":0,"mr_field_searches":0,"target_details":0,"adapter_method_lookups":0,"field_bounds_rejections":0,"ship_field_preparations":0,"adapter_energy_reads":0,"recession_setups":0,"emitter_buckets_inspected":0,"mr_fluid_field_searches":0,"gallium_entity_queries":0,"gallium_field_searches":0,"fluid_target_queries":0,"fluid_field_applications":0,"fluid_field_candidates":0}
gas_stable	1	{"observed_ticks":604,"creep_passes":151,"fluid_sources":0,"source_chunks":0,"creep_cells":0,"native_chunk_attempts":0,"external_chunk_attempts":0,"entities_inspected":0,"eligible_entities":0,"targets_discovered":0,"targets_scheduled":0,"target_regions":0,"emitter_candidates":0,"field_evaluations":0,"fields_applied":0,"mr_equipment_skips":0,"mr_field_searches":0,"target_details":0,"adapter_method_lookups":0,"field_bounds_rejections":0,"ship_field_preparations":0,"adapter_energy_reads":0,"recession_setups":0,"emitter_buckets_inspected":0,"mr_fluid_field_searches":0,"gallium_entity_queries":0,"gallium_field_searches":0,"fluid_target_queries":0,"fluid_field_applications":0,"fluid_field_candidates":0}
gas_stable	2	{"observed_ticks":604,"creep_passes":151,"fluid_sources":0,"source_chunks":0,"creep_cells":0,"native_chunk_attempts":0,"external_chunk_attempts":0,"entities_inspected":0,"eligible_entities":0,"targets_discovered":0,"targets_scheduled":0,"target_regions":0,"emitter_candidates":0,"field_evaluations":0,"fields_applied":0,"mr_equipment_skips":0,"mr_field_searches":0,"target_details":0,"adapter_method_lookups":0,"field_bounds_rejections":0,"ship_field_preparations":0,"adapter_energy_reads":0,"recession_setups":0,"emitter_buckets_inspected":0,"mr_fluid_field_searches":0,"gallium_entity_queries":0,"gallium_field_searches":0,"fluid_target_queries":0,"fluid_field_applications":0,"fluid_field_candidates":0}
gas_stable	3	{"observed_ticks":604,"creep_passes":151,"fluid_sources":0,"source_chunks":0,"creep_cells":0,"native_chunk_attempts":0,"external_chunk_attempts":0,"entities_inspected":0,"eligible_entities":0,"targets_discovered":0,"targets_scheduled":0,"target_regions":0,"emitter_candidates":0,"field_evaluations":0,"fields_applied":0,"mr_equipment_skips":0,"mr_field_searches":0,"target_details":0,"adapter_method_lookups":0,"field_bounds_rejections":0,"ship_field_preparations":0,"adapter_energy_reads":0,"recession_setups":0,"emitter_buckets_inspected":0,"mr_fluid_field_searches":0,"gallium_entity_queries":0,"gallium_field_searches":0,"fluid_target_queries":0,"fluid_field_applications":0,"fluid_field_candidates":0}
ferrofluid_external	1	{"observed_ticks":602,"creep_passes":151,"fluid_sources":77312,"source_chunks":604,"creep_cells":0,"native_chunk_attempts":0,"external_chunk_attempts":604,"entities_inspected":0,"eligible_entities":0,"targets_discovered":308224,"targets_scheduled":2408,"target_regions":2408,"emitter_candidates":9632,"field_evaluations":12048,"fields_applied":9632,"mr_equipment_skips":0,"mr_field_searches":0,"target_details":0,"adapter_method_lookups":0,"field_bounds_rejections":0,"ship_field_preparations":0,"adapter_energy_reads":0,"recession_setups":0,"emitter_buckets_inspected":2416,"mr_fluid_field_searches":0,"gallium_entity_queries":0,"gallium_field_searches":0,"fluid_target_queries":0,"fluid_field_applications":0,"fluid_field_candidates":0}
ferrofluid_external	2	{"observed_ticks":602,"creep_passes":151,"fluid_sources":77312,"source_chunks":604,"creep_cells":0,"native_chunk_attempts":0,"external_chunk_attempts":604,"entities_inspected":0,"eligible_entities":0,"targets_discovered":308224,"targets_scheduled":2408,"target_regions":2408,"emitter_candidates":9632,"field_evaluations":12048,"fields_applied":9632,"mr_equipment_skips":0,"mr_field_searches":0,"target_details":0,"adapter_method_lookups":0,"field_bounds_rejections":0,"ship_field_preparations":0,"adapter_energy_reads":0,"recession_setups":0,"emitter_buckets_inspected":2416,"mr_fluid_field_searches":0,"gallium_entity_queries":0,"gallium_field_searches":0,"fluid_target_queries":0,"fluid_field_applications":0,"fluid_field_candidates":0}
ferrofluid_external	3	{"observed_ticks":603,"creep_passes":151,"fluid_sources":77312,"source_chunks":604,"creep_cells":0,"native_chunk_attempts":0,"external_chunk_attempts":604,"entities_inspected":0,"eligible_entities":0,"targets_discovered":308736,"targets_scheduled":2412,"target_regions":2412,"emitter_candidates":9648,"field_evaluations":12064,"fields_applied":9648,"mr_equipment_skips":0,"mr_field_searches":0,"target_details":0,"adapter_method_lookups":0,"field_bounds_rejections":0,"ship_field_preparations":0,"adapter_energy_reads":0,"recession_setups":0,"emitter_buckets_inspected":2416,"mr_fluid_field_searches":0,"gallium_entity_queries":0,"gallium_field_searches":0,"fluid_target_queries":0,"fluid_field_applications":0,"fluid_field_candidates":0}
native_queries_256	1	{"observed_ticks":603,"creep_passes":151,"fluid_sources":0,"source_chunks":0,"creep_cells":0,"native_chunk_attempts":0,"external_chunk_attempts":0,"entities_inspected":0,"eligible_entities":0,"targets_discovered":0,"targets_scheduled":0,"target_regions":0,"emitter_candidates":0,"field_evaluations":0,"fields_applied":0,"mr_equipment_skips":0,"mr_field_searches":0,"target_details":0,"adapter_method_lookups":0,"field_bounds_rejections":0,"ship_field_preparations":0,"adapter_energy_reads":0,"recession_setups":0,"emitter_buckets_inspected":0,"mr_fluid_field_searches":0,"gallium_entity_queries":0,"gallium_field_searches":0,"fluid_target_queries":0,"fluid_field_applications":0,"fluid_field_candidates":0,"scaling_ticks":912,"loaded_shafts":0,"receiving_shafts":0,"synthetic_point_queries":233472,"driven_shafts":0,"synthetic_query_hits":233472,"moving_ships":0}
native_queries_256	2	{"observed_ticks":603,"creep_passes":150,"fluid_sources":0,"source_chunks":0,"creep_cells":0,"native_chunk_attempts":0,"external_chunk_attempts":0,"entities_inspected":0,"eligible_entities":0,"targets_discovered":0,"targets_scheduled":0,"target_regions":0,"emitter_candidates":0,"field_evaluations":0,"fields_applied":0,"mr_equipment_skips":0,"mr_field_searches":0,"target_details":0,"adapter_method_lookups":0,"field_bounds_rejections":0,"ship_field_preparations":0,"adapter_energy_reads":0,"recession_setups":0,"emitter_buckets_inspected":0,"mr_fluid_field_searches":0,"gallium_entity_queries":0,"gallium_field_searches":0,"fluid_target_queries":0,"fluid_field_applications":0,"fluid_field_candidates":0,"scaling_ticks":1521,"loaded_shafts":0,"receiving_shafts":0,"synthetic_point_queries":389376,"driven_shafts":0,"synthetic_query_hits":389376,"moving_ships":0}
native_queries_256	3	{"observed_ticks":603,"creep_passes":150,"fluid_sources":0,"source_chunks":0,"creep_cells":0,"native_chunk_attempts":0,"external_chunk_attempts":0,"entities_inspected":0,"eligible_entities":0,"targets_discovered":0,"targets_scheduled":0,"target_regions":0,"emitter_candidates":0,"field_evaluations":0,"fields_applied":0,"mr_equipment_skips":0,"mr_field_searches":0,"target_details":0,"adapter_method_lookups":0,"field_bounds_rejections":0,"ship_field_preparations":0,"adapter_energy_reads":0,"recession_setups":0,"emitter_buckets_inspected":0,"mr_fluid_field_searches":0,"gallium_entity_queries":0,"gallium_field_searches":0,"fluid_target_queries":0,"fluid_field_applications":0,"fluid_field_candidates":0,"scaling_ticks":2129,"loaded_shafts":0,"receiving_shafts":0,"synthetic_point_queries":545024,"driven_shafts":0,"synthetic_query_hits":545024,"moving_ships":0}
shafts_256	1	{"observed_ticks":606,"creep_passes":151,"fluid_sources":0,"source_chunks":0,"creep_cells":0,"native_chunk_attempts":0,"external_chunk_attempts":0,"entities_inspected":0,"eligible_entities":0,"targets_discovered":0,"targets_scheduled":0,"target_regions":0,"emitter_candidates":0,"field_evaluations":0,"fields_applied":0,"mr_equipment_skips":0,"mr_field_searches":0,"target_details":0,"adapter_method_lookups":0,"field_bounds_rejections":0,"ship_field_preparations":0,"adapter_energy_reads":0,"recession_setups":0,"emitter_buckets_inspected":0,"mr_fluid_field_searches":0,"gallium_entity_queries":0,"gallium_field_searches":0,"fluid_target_queries":0,"fluid_field_applications":0,"fluid_field_candidates":0,"scaling_ticks":911,"loaded_shafts":512,"receiving_shafts":256,"synthetic_point_queries":0,"driven_shafts":256,"synthetic_query_hits":0,"moving_ships":0}
shafts_256	2	{"observed_ticks":606,"creep_passes":151,"fluid_sources":0,"source_chunks":0,"creep_cells":0,"native_chunk_attempts":0,"external_chunk_attempts":0,"entities_inspected":0,"eligible_entities":0,"targets_discovered":0,"targets_scheduled":0,"target_regions":0,"emitter_candidates":0,"field_evaluations":0,"fields_applied":0,"mr_equipment_skips":0,"mr_field_searches":0,"target_details":0,"adapter_method_lookups":0,"field_bounds_rejections":0,"ship_field_preparations":0,"adapter_energy_reads":0,"recession_setups":0,"emitter_buckets_inspected":0,"mr_fluid_field_searches":0,"gallium_entity_queries":0,"gallium_field_searches":0,"fluid_target_queries":0,"fluid_field_applications":0,"fluid_field_candidates":0,"scaling_ticks":1522,"loaded_shafts":512,"receiving_shafts":256,"synthetic_point_queries":0,"driven_shafts":256,"synthetic_query_hits":0,"moving_ships":0}
shafts_256	3	{"observed_ticks":606,"creep_passes":152,"fluid_sources":0,"source_chunks":0,"creep_cells":0,"native_chunk_attempts":0,"external_chunk_attempts":0,"entities_inspected":0,"eligible_entities":0,"targets_discovered":0,"targets_scheduled":0,"target_regions":0,"emitter_candidates":0,"field_evaluations":0,"fields_applied":0,"mr_equipment_skips":0,"mr_field_searches":0,"target_details":0,"adapter_method_lookups":0,"field_bounds_rejections":0,"ship_field_preparations":0,"adapter_energy_reads":0,"recession_setups":0,"emitter_buckets_inspected":0,"mr_fluid_field_searches":0,"gallium_entity_queries":0,"gallium_field_searches":0,"fluid_target_queries":0,"fluid_field_applications":0,"fluid_field_candidates":0,"scaling_ticks":2133,"loaded_shafts":512,"receiving_shafts":256,"synthetic_point_queries":0,"driven_shafts":256,"synthetic_query_hits":0,"moving_ships":0}
ships_16	1	{"observed_ticks":603,"creep_passes":151,"fluid_sources":0,"source_chunks":0,"creep_cells":0,"native_chunk_attempts":0,"external_chunk_attempts":0,"entities_inspected":0,"eligible_entities":0,"targets_discovered":0,"targets_scheduled":0,"target_regions":0,"emitter_candidates":0,"field_evaluations":0,"fields_applied":0,"mr_equipment_skips":0,"mr_field_searches":0,"target_details":0,"adapter_method_lookups":0,"field_bounds_rejections":0,"ship_field_preparations":9648,"adapter_energy_reads":0,"recession_setups":0,"emitter_buckets_inspected":0,"mr_fluid_field_searches":0,"gallium_entity_queries":0,"gallium_field_searches":0,"fluid_target_queries":0,"fluid_field_applications":0,"fluid_field_candidates":0,"scaling_ticks":915,"loaded_shafts":32,"receiving_shafts":9,"synthetic_point_queries":0,"driven_shafts":16,"synthetic_query_hits":0,"moving_ships":16}
ships_16	2	{"observed_ticks":605,"creep_passes":151,"fluid_sources":0,"source_chunks":0,"creep_cells":0,"native_chunk_attempts":0,"external_chunk_attempts":0,"entities_inspected":0,"eligible_entities":0,"targets_discovered":0,"targets_scheduled":0,"target_regions":0,"emitter_candidates":0,"field_evaluations":0,"fields_applied":0,"mr_equipment_skips":0,"mr_field_searches":0,"target_details":0,"adapter_method_lookups":0,"field_bounds_rejections":0,"ship_field_preparations":9680,"adapter_energy_reads":0,"recession_setups":0,"emitter_buckets_inspected":0,"mr_fluid_field_searches":0,"gallium_entity_queries":0,"gallium_field_searches":0,"fluid_target_queries":0,"fluid_field_applications":0,"fluid_field_candidates":0,"scaling_ticks":1526,"loaded_shafts":32,"receiving_shafts":8,"synthetic_point_queries":0,"driven_shafts":16,"synthetic_query_hits":0,"moving_ships":16}
ships_16	3	{"observed_ticks":605,"creep_passes":151,"fluid_sources":0,"source_chunks":0,"creep_cells":0,"native_chunk_attempts":0,"external_chunk_attempts":0,"entities_inspected":0,"eligible_entities":0,"targets_discovered":0,"targets_scheduled":0,"target_regions":0,"emitter_candidates":0,"field_evaluations":0,"fields_applied":0,"mr_equipment_skips":0,"mr_field_searches":0,"target_details":0,"adapter_method_lookups":0,"field_bounds_rejections":0,"ship_field_preparations":9680,"adapter_energy_reads":0,"recession_setups":0,"emitter_buckets_inspected":0,"mr_fluid_field_searches":0,"gallium_entity_queries":0,"gallium_field_searches":0,"fluid_target_queries":0,"fluid_field_applications":0,"fluid_field_candidates":0,"scaling_ticks":2136,"loaded_shafts":32,"receiving_shafts":9,"synthetic_point_queries":0,"driven_shafts":16,"synthetic_query_hits":0,"moving_ships":16}
empty_end	1	{"observed_ticks":603,"creep_passes":151,"fluid_sources":0,"source_chunks":0,"creep_cells":0,"native_chunk_attempts":0,"external_chunk_attempts":0,"entities_inspected":0,"eligible_entities":0,"targets_discovered":0,"targets_scheduled":0,"target_regions":0,"emitter_candidates":0,"field_evaluations":0,"fields_applied":0,"mr_equipment_skips":0,"mr_field_searches":0,"target_details":0,"adapter_method_lookups":0,"field_bounds_rejections":0,"ship_field_preparations":0,"adapter_energy_reads":0,"recession_setups":0,"emitter_buckets_inspected":0,"mr_fluid_field_searches":0,"gallium_entity_queries":0,"gallium_field_searches":0,"fluid_target_queries":0,"fluid_field_applications":0,"fluid_field_candidates":0}
empty_end	2	{"observed_ticks":603,"creep_passes":151,"fluid_sources":0,"source_chunks":0,"creep_cells":0,"native_chunk_attempts":0,"external_chunk_attempts":0,"entities_inspected":0,"eligible_entities":0,"targets_discovered":0,"targets_scheduled":0,"target_regions":0,"emitter_candidates":0,"field_evaluations":0,"fields_applied":0,"mr_equipment_skips":0,"mr_field_searches":0,"target_details":0,"adapter_method_lookups":0,"field_bounds_rejections":0,"ship_field_preparations":0,"adapter_energy_reads":0,"recession_setups":0,"emitter_buckets_inspected":0,"mr_fluid_field_searches":0,"gallium_entity_queries":0,"gallium_field_searches":0,"fluid_target_queries":0,"fluid_field_applications":0,"fluid_field_candidates":0}
empty_end	3	{"observed_ticks":603,"creep_passes":150,"fluid_sources":0,"source_chunks":0,"creep_cells":0,"native_chunk_attempts":0,"external_chunk_attempts":0,"entities_inspected":0,"eligible_entities":0,"targets_discovered":0,"targets_scheduled":0,"target_regions":0,"emitter_candidates":0,"field_evaluations":0,"fields_applied":0,"mr_equipment_skips":0,"mr_field_searches":0,"target_details":0,"adapter_method_lookups":0,"field_bounds_rejections":0,"ship_field_preparations":0,"adapter_energy_reads":0,"recession_setups":0,"emitter_buckets_inspected":0,"mr_fluid_field_searches":0,"gallium_entity_queries":0,"gallium_field_searches":0,"fluid_target_queries":0,"fluid_field_applications":0,"fluid_field_candidates":0}
