scenario,sample,ticks,tps,mspt
empty_start,1,1200,5226.0,0.19
empty_start,2,1200,6614.0,0.15
empty_start,3,1200,6736.0,0.15
empty_start,4,1200,7110.0,0.14
empty_start,5,1200,7162.0,0.14
block_item_control,1,1200,310.0,3.22
block_item_control,2,1200,308.0,3.24
block_item_control,3,1200,313.0,3.19
block_item_control,4,1200,311.0,3.21
block_item_control,5,1200,308.0,3.24
idle_emitters,1,1200,304.0,3.28
idle_emitters,2,1200,307.0,3.26
idle_emitters,3,1200,311.0,3.21
idle_emitters,4,1200,309.0,3.23
idle_emitters,5,1200,307.0,3.25
active_emitters,1,1200,155.0,6.45
active_emitters,2,1200,154.0,6.46
active_emitters,3,1200,152.0,6.57
active_emitters,4,1200,153.0,6.5
active_emitters,5,1200,155.0,6.45
external_fields,1,1200,266.0,3.75
external_fields,2,1200,272.0,3.67
external_fields,3,1200,270.0,3.7
external_fields,4,1200,275.0,3.63
external_fields,5,1200,264.0,3.79
railgun_emitters,1,1200,257.0,3.88
railgun_emitters,2,1200,261.0,3.82
railgun_emitters,3,1200,262.0,3.8
railgun_emitters,4,1200,266.0,3.76
railgun_emitters,5,1200,268.0,3.72
air_separators,1,1200,6269.0,0.16
air_separators,2,1200,6323.0,0.16
air_separators,3,1200,6378.0,0.16
air_separators,4,1200,6724.0,0.15
air_separators,5,1200,6587.0,0.15
gas_volume,1,1200,632.0,1.58
gas_volume,2,1200,652.0,1.53
gas_volume,3,1200,645.0,1.55
gas_volume,4,1200,657.0,1.52
gas_volume,5,1200,653.0,1.53
mixed_pack,1,1200,280.0,3.57
mixed_pack,2,1200,280.0,3.57
mixed_pack,3,1200,281.0,3.55
mixed_pack,4,1200,279.0,3.58
mixed_pack,5,1200,279.0,3.58
dense_external,1,1200,191.0,5.22
dense_external,2,1200,192.0,5.2
dense_external,3,1200,190.0,5.25
dense_external,4,1200,183.0,5.45
dense_external,5,1200,181.0,5.5
equipment_changes,1,1200,5700.0,0.18
equipment_changes,2,1200,6582.0,0.15
equipment_changes,3,1200,6606.0,0.15
equipment_changes,4,1200,6129.0,0.16
equipment_changes,5,1200,6851.0,0.15
ordinary_player,1,1200,6608.0,0.15
ordinary_player,2,1200,6143.0,0.16
ordinary_player,3,1200,6756.0,0.15
ordinary_player,4,1200,6621.0,0.15
ordinary_player,5,1200,6560.0,0.15
ordinary_mobs,1,1200,2936.0,0.34
ordinary_mobs,2,1200,3076.0,0.33
ordinary_mobs,3,1200,2880.0,0.35
ordinary_mobs,4,1200,2935.0,0.34
ordinary_mobs,5,1200,3122.0,0.32
external_no_targets,1,1200,6389.0,0.16
external_no_targets,2,1200,6023.0,0.17
external_no_targets,3,1200,6136.0,0.16
external_no_targets,4,1200,6343.0,0.16
external_no_targets,5,1200,6350.0,0.16
ferrofluid_pool,1,1200,4910.0,0.2
ferrofluid_pool,2,1200,4907.0,0.2
ferrofluid_pool,3,1200,4832.0,0.21
ferrofluid_pool,4,1200,5062.0,0.2
ferrofluid_pool,5,1200,5024.0,0.2
ferrofluid_external,1,1200,2427.0,0.41
ferrofluid_external,2,1200,2375.0,0.42
ferrofluid_external,3,1200,2345.0,0.43
ferrofluid_external,4,1200,2361.0,0.42
ferrofluid_external,5,1200,2263.0,0.44
ferrofluid_native,1,1200,4329.0,0.23
ferrofluid_native,2,1200,4398.0,0.23
ferrofluid_native,3,1200,4131.0,0.24
ferrofluid_native,4,1200,4138.0,0.24
ferrofluid_native,5,1200,4177.0,0.24
mr_armor,1,1200,5847.0,0.17
mr_armor,2,1200,7295.0,0.14
mr_armor,3,1200,7040.0,0.14
mr_armor,4,1200,5842.0,0.17
mr_armor,5,1200,7143.0,0.14
mr_mainhand,1,1200,6991.0,0.14
mr_mainhand,2,1200,6810.0,0.15
mr_mainhand,3,1200,6808.0,0.15
mr_mainhand,4,1200,7097.0,0.14
mr_mainhand,5,1200,7205.0,0.14
mr_offhand,1,1200,7275.0,0.14
mr_offhand,2,1200,7182.0,0.14
mr_offhand,3,1200,7179.0,0.14
mr_offhand,4,1200,7107.0,0.14
mr_offhand,5,1200,7111.0,0.14
native_queries_control,1,1200,7545.0,0.13
native_queries_control,2,1200,7740.0,0.13
native_queries_control,3,1200,7662.0,0.13
native_queries_control,4,1200,7697.0,0.13
native_queries_control,5,1200,7829.0,0.13
native_queries_64,1,1200,575.0,1.74
native_queries_64,2,1200,583.0,1.71
native_queries_64,3,1200,581.0,1.72
native_queries_64,4,1200,584.0,1.71
native_queries_64,5,1200,583.0,1.71
native_queries_256,1,1200,160.0,6.24
native_queries_256,2,1200,159.0,6.29
native_queries_256,3,1200,158.0,6.31
native_queries_256,4,1200,158.0,6.3
native_queries_256,5,1200,159.0,6.26
gas_stable,1,1200,7618.0,0.13
gas_stable,2,1200,7955.0,0.13
gas_stable,3,1200,7674.0,0.13
gas_stable,4,1200,7989.0,0.13
gas_stable,5,1200,7901.0,0.13
shafts_16,1,1200,6026.0,0.17
shafts_16,2,1200,6292.0,0.16
shafts_16,3,1200,6033.0,0.17
shafts_16,4,1200,6563.0,0.15
shafts_16,5,1200,6292.0,0.16
shafts_64,1,1200,4430.0,0.23
shafts_64,2,1200,4407.0,0.23
shafts_64,3,1200,4418.0,0.23
shafts_64,4,1200,4397.0,0.23
shafts_64,5,1200,4383.0,0.23
shafts_256,1,1200,1161.0,0.86
shafts_256,2,1200,1130.0,0.88
shafts_256,3,1200,1132.0,0.88
shafts_256,4,1200,1126.0,0.89
shafts_256,5,1200,1138.0,0.88
ships_4,1,1200,1080.0,0.93
ships_4,2,1200,1177.0,0.85
ships_4,3,1200,1185.0,0.84
ships_4,4,1200,1154.0,0.87
ships_4,5,1200,1204.0,0.83
ships_16,1,1200,373.0,2.68
ships_16,2,1200,373.0,2.68
ships_16,3,1200,381.0,2.62
ships_16,4,1200,380.0,2.63
ships_16,5,1200,381.0,2.62
empty_end,1,1200,7089.0,0.14
empty_end,2,1200,7289.0,0.14
empty_end,3,1200,7141.0,0.14
empty_end,4,1200,7331.0,0.14
empty_end,5,1200,7161.0,0.14
