scenario	baseline_mspt	candidate_mspt	delta_mspt	delta_pct	status
empty_start	0.150000	0.150000	+0.000000	+0.00%	ok
block_item_control	3.220000	3.210000	-0.010000	-0.31%	ok
idle_emitters	3.250000	3.190000	-0.060000	-1.85%	ok
active_emitters	6.460000	5.600000	-0.860000	-13.31%	ok
external_fields	3.700000	3.410000	-0.290000	-7.84%	ok
railgun_emitters	3.800000	3.550000	-0.250000	-6.58%	ok
air_separators	0.160000	0.140000	-0.020000	-12.50%	ok
gas_volume	1.530000	1.480000	-0.050000	-3.27%	ok
mixed_pack	3.570000	3.400000	-0.170000	-4.76%	ok
dense_external	5.250000	4.540000	-0.710000	-13.52%	ok
equipment_changes	0.150000	0.140000	-0.010000	-6.67%	ok
ordinary_player	0.150000	0.130000	-0.020000	-13.33%	ok
ordinary_mobs	0.340000	0.250000	-0.090000	-26.47%	ok
external_no_targets	0.160000	0.130000	-0.030000	-18.75%	ok
ferrofluid_pool	0.200000	0.180000	-0.020000	-10.00%	ok
ferrofluid_external	0.420000	0.330000	-0.090000	-21.43%	ok
ferrofluid_native	0.240000	0.210000	-0.030000	-12.50%	ok
mr_armor	0.140000	0.140000	+0.000000	+0.00%	ok
mr_mainhand	0.140000	0.140000	+0.000000	+0.00%	ok
mr_offhand	0.140000	0.140000	+0.000000	+0.00%	ok
native_queries_control	0.130000	0.130000	+0.000000	+0.00%	ok
native_queries_64	1.710000	0.160000	-1.550000	-90.64%	ok
native_queries_256	6.290000	0.200000	-6.090000	-96.82%	ok
gas_stable	0.130000	0.130000	+0.000000	+0.00%	ok
shafts_16	0.160000	0.170000	+0.010000	+6.25%	ok
shafts_64	0.230000	0.210000	-0.020000	-8.70%	ok
shafts_256	0.880000	0.390000	-0.490000	-55.68%	ok
ships_4	0.850000	0.710000	-0.140000	-16.47%	ok
ships_16	2.630000	2.110000	-0.520000	-19.77%	ok
empty_end	0.140000	0.140000	+0.000000	+0.00%	ok
relative_threshold=10.00% absolute_threshold=0.100_mspt regressions=0
